status,site_name,address,city,zip,latitude,longitude
CLOSED,Louise Cabaniss Academy of Young Scholars Library,6080 Mirabella Boulevard,Grand Prairie,75052,32.626577,-97.066277
CLOSED,R. F. Patterson Elementary School Cafeteria,6621 Kelly Elliott Road,Arlington,76001,32.637648,-97.175902
CLOSED,Northeast Branch Library Community Room,1905 Brown Boulevard,Arlington,76006,32.774215,-97.079432
CLOSED,Arlington ISD Dan Dipert Career & Technical Center Seminar Rooms B 102.00 & B 103.00,2101 Browning Drive,Arlington,76010,32.71103,-97.085309
CLOSED,"Elks Lodge 2114 Ballroom, Hallway",601 West Pioneer Parkway,Arlington,76010,32.708055,-97.113955
CLOSED,Louise Blanton Elementary School Front Hallway at Main Entrance,1900 South Collins Street,Arlington,76010,32.714623,-97.097659
CLOSED,Meadowbrook Recreation Center Activity Room,1400 Dugan Street,Arlington,76010,32.733966,-97.092404
CLOSED,Myrtle Thornton Elementary School Family Liaison Room 104,2315 Stonegate Street,Arlington,76010,32.725857,-97.069315
CLOSED,Berta May Pope Elementary School Gym,901 Chestnut Drive,Arlington,76012,32.746372,-97.147238
CLOSED,Lamar High School 1000-1100 Cross Hall,1400 West Lamar Boulevard,Arlington,76012,32.764639,-97.125764
CLOSED,New World United Methodist Church Education Wing,2201 North Davis Drive,Arlington,76012,32.770194,-97.12287
CLOSED,Tabernacle Baptist Church Fellowship Hall,2500 West Randol Mill Road,Arlington,76012,32.754441,-97.145374
CLOSED,Wimbish World Language Academy Library,1601 Wright Street,Arlington,76012,32.7482,-97.12944
CLOSED,Arlington First Church of the Nazarene Worship Center & Foyer,1301 West Green Oaks Boulevard,Arlington,76013,32.725039,-97.181066
CLOSED,Casa de Oracion Family Center Fellowship Hall,2323 James Street,Arlington,76013,32.723392,-97.145872
CLOSED,"Center for Community Service Junior League of Arlington Meeting Rooms C, D & E",4002 West Pioneer Parkway,Arlington,76013,32.715878,-97.169122
CLOSED,Central YMCA Conference Room / Classroom,2200 South Davis Drive,Arlington,76013,32.708862,-97.123403
CLOSED,"Ruby Ray Swift Elementary School Room 202, Family Engagement Liaison",1101 South Fielder Road,Arlington,76013,32.724693,-97.131817
CLOSED,Edify Community Fellowship Church Fellowship Hall,3005 Sprocket Drive,Arlington,76015,32.696664,-97.141797
CLOSED,Foster Elementary School Gym,1025 High Point Road,Arlington,76015,32.684945,-97.12432
CLOSED,Jason B. Little Elementary School Library,3721 Little Road,Arlington,76016,32.686284,-97.189408
CLOSED,Ruth Ditto Elementary School Cafeteria,3001 Quail Lane,Arlington,76016,32.697126,-97.193579
CLOSED,Glenn Harmon Elementary School Library,5700 Petra Drive,Arlington,76017,32.651766,-97.123844
CLOSED,Southwest Branch Library Community Room,3311 Southwest Green Oaks Boulevard,Arlington,76017,32.659038,-97.161241
CLOSED,Alpha International Seventh-day Adventist Church Fellowship Hall,6000 South Collins Street,Arlington,76018,32.6477,-97.088326
CLOSED,Pelican Bay City Hall Council Chambers,1300 Pelican Circle,Pelican Bay,76020,32.915816,-97.517882
CLOSED,Airport Area YMCA Gymnasium,3524 Central Drive,Bedford,76021,32.858292,-97.131547
CLOSED,First United Methodist Church Lobby & Hallways,1245 Bedford Road,Bedford,76021,32.839815,-97.14943
CLOSED,"Freedom Church Lobby, Hallway",701 Harwood Road,Bedford,76021,32.853626,-97.157559
CLOSED,St. Michael Catholic Church Formation Center,3713 East Harwood Road,Bedford,76021,32.852104,-97.106164
CLOSED,Oak Grove Baptist Church Gym,12351 Oak Grove Road South,Burleson,76028,32.576773,-97.290504
CLOSED,Colleyville Public Library 2nd Floor,110 Main Street,Colleyville,76034,32.884683,-97.156884
CLOSED,Covenant Church Community Room,3508 Glade Road,Colleyville,76034,32.881822,-97.11144
CLOSED,First Baptist Church of Crowley Gym,400 Eagle Drive South,Crowley,76036,32.579434,-97.379758
CLOSED,Lakewood Elementary School Music Room,1600 Donley Drive,Euless,76039,32.859634,-97.095551
CLOSED,Life Connection Church Lobby,208 Nutmeg Lane,Euless,76039,32.878354,-97.080672
CLOSED,Calvary Baptist Church Family Life Center / Gym,304 Calvary Drive,Euless,76040,32.834203,-97.103569
CLOSED,St. John Missionary Baptist Church Family Center,3324 House Anderson Road,Euless,76040,32.808145,-97.122881
CLOSED,Cross Timbers Middle School Gym 2,2301 Pool Road,Grapevine,76051,32.913684,-97.125605
CLOSED,Dove Elementary School Gym,1932 Dove Road,Grapevine,76051,32.954847,-97.096508
CLOSED,Grapevine Elementary School Gym,1801 Hall-Johnson Road,Grapevine,76051,32.893184,-97.09687
CLOSED,Heritage Elementary School Gym,4500 Heritage Avenue,Grapevine,76051,32.888457,-97.105548
CLOSED,St. Francis Catholic Church Parish Hall,861 Wildwood Lane,Grapevine,76051,32.950953,-97.138034
CLOSED,Timberline Elementary School Library,3220 Timberline Drive,Grapevine,76051,32.913081,-97.115822
CLOSED,Sendera Ranch Rancho Canyon Clubhouse Main Room,556 Rancho Canyon Way,Haslet,76052,,
CLOSED,Impact Mission Church Fellowship Hall,745 Brown Trail,Hurst,76053,32.822849,-97.164561
CLOSED,North Pointe Baptist Church of Hurst Family Life Center,147 East Hurst Boulevard,Hurst,76053,32.808641,-97.168117
CLOSED,Kennedale Community Center Community Center,316 West 3rd Street,Kennedale,76060,32.647156,-97.225651
CLOSED,Dr. Jim Vaszauskas Center for the Performing Arts Lab B,1110 West Debbie Lane,Mansfield,76063,32.591646,-97.159498
CLOSED,Linda Jobe Middle School Foyer,2491 Gertie Barrett Road,Mansfield,76063,32.602349,-97.176422
CLOSED,Regal Oak Counseling Training Room,"1285 North Main Street, Suite 102",Mansfield,76063,32.582329,-97.153444
CLOSED,Roberta Tipps Elementary School Library,3001 North Walnut Creek Drive,Mansfield,76063,32.599095,-97.1316
CLOSED,Carroll Senior High School Art Facility,1501 West Southlake Boulevard,Southlake,76092,32.941181,-97.162793
CLOSED,New Day Church Event Center,101 East Highland Street,Southlake,76092,32.956144,-97.150908
CLOSED,Christ Cathedral Church Event Center / Cafe Area,3201 Purington Avenue,Fort Worth,76103,32.74278,-97.279349
CLOSED,Sagamore Hill Elementary School Hallway in Learning Zone,701 South Hughes Avenue,Fort Worth,76103,32.737302,-97.256607
CLOSED,Victory Temple Worship Center Cafeteria,2001 Oakland Boulevard,Fort Worth,76103,32.748435,-97.261579
CLOSED,Fire Station Community Center West Half of Gymnasium,1601 Lipscomb Street,Fort Worth,76104,32.727042,-97.333237
CLOSED,Fort Worth Event Center Small Banquet Hall,2100 Evans Avenue,Fort Worth,76104,32.722587,-97.318424
CLOSED,Kingdom Manifesters Church Conference Room / Sanctuary,2401 McCurdy Street,Fort Worth,76104,32.718416,-97.298097
CLOSED,Southside Community Center Hazel B,959 East Rosedale Street,Fort Worth,76104,32.732314,-97.316705
CLOSED,Van Zandt-Guinn Elementary School Cafeteria,600 Kentucky Avenue,Fort Worth,76104,32.738652,-97.317816
CLOSED,D. McRae Elementary School Back Wing - Science Lab,3316 Avenue N,Fort Worth,76105,32.72346,-97.277788
CLOSED,Grace Temple Seventh-Day Adventist Church Fellowship Hall,4200 East Berry Street,Fort Worth,76105,32.713771,-97.261458
CLOSED,Rising Star Baptist Church Chapel,4216 Avenue M,Fort Worth,76105,32.72337,-97.26139
CLOSED,Connell Baptist Church Foyer,4736 Bryce Avenue,Fort Worth,76107,32.739593,-97.390334
CLOSED,International Newcomer Academy Gym,3813 Valentine Street,Fort Worth,76107,32.731839,-97.373071
CLOSED,Jo Kelly School Gym,201 North Bailey Avenue,Fort Worth,76107,32.760126,-97.370824
CLOSED,Blue Haze Elementary School Multi-Purpose Room,601 Blue Haze Drive,Fort Worth,76108,32.751714,-97.502128
CLOSED,Grace Baptist Church Lobby / Foyer,1501 Jim Wright Freeway,Fort Worth,76108,32.784649,-97.465551
CLOSED,Trinity Chapel Worship Center / Sanctuary,6610 Southwest Boulevard,Benbrook,76109,32.694718,-97.421973
CLOSED,Congregation Ahavath Sholom Zale Auditorium,4050 South Hulen Street,Fort Worth,76109,32.688702,-97.393506
CLOSED,McLean 6th Grade School Auditorium,3201 South Hills Avenue,Fort Worth,76109,32.696247,-97.364044
CLOSED,St. Stephen Presbyterian Church Parish Hall,2700 McPherson Avenue,Fort Worth,76109,32.712836,-97.35529
CLOSED,Tanglewood Elementary School Cafeteria,3060 Overton Park Drive West,Fort Worth,76109,32.706144,-97.385294
CLOSED,George C. Clarke Elementary School Gym,3300 South Henderson Street,Fort Worth,76110,32.702237,-97.337574
CLOSED,Grace Fellowship Baptist Church Conference Room,3801 McCart Avenue,Fort Worth,76110,32.692787,-97.352903
CLOSED,Richard J. Wilson Elementary School Auditorium,900 West Fogg Street,Fort Worth,76110,32.691049,-97.334313
CLOSED,Worth Heights Elementary School Library,519 East Butler Street,Fort Worth,76110,32.695352,-97.321871
CLOSED,Riverside Applied Learning Center Gym,3600 Fossil Drive,Fort Worth,76111,32.804036,-97.295627
CLOSED,Springdale Baptist Church Fellowship Hall,3016 Selma Street,Fort Worth,76111,32.789418,-97.303085
CLOSED,Springdale Elementary School Auditorium,3207 Hollis Street,Fort Worth,76111,32.791684,-97.300686
CLOSED,Versia L. Williams Elementary School Library,901 Baurline Street,Fort Worth,76111,32.757991,-97.306229
CLOSED,Atwood McDonald Elementary School Gym,1850 Barron Lane,Fort Worth,76112,32.751812,-97.207438
CLOSED,Eastern Hills High School Main Lobby,5701 Shelton Street,Fort Worth,76112,32.74756,-97.233495
CLOSED,Legacy Fellowship Church Fellowship Hall,5320 Norma Street,Fort Worth,76112,32.743315,-97.239506
CLOSED,New Life Baptist Deaf Fellowship Fellowship / Kitchen,6917 Brentwood Stair Road,Fort Worth,76112,32.754373,-97.210418
CLOSED,Paul Laurence Dunbar High School Front Foyer,5700 Ramey Avenue,Fort Worth,76112,32.720427,-97.231951
CLOSED,St. Matthew United Methodist Church Fellowship Hall,2414 Hitson Lane,Fort Worth,76112,32.743467,-97.194409
CLOSED,The Potter's House Lobby & Sanctuary,1270 Woodhaven Boulevard,Fort Worth,76112,32.762686,-97.240369
CLOSED,"Faith, Hope and Love Ministries Cafeteria / Kitchen",6154 Meandering Road,Fort Worth,76114,32.777944,-97.415723
CLOSED,Russell Hall Main Room,5708 Jacksboro Highway,Fort Worth,76114,32.800179,-97.406641
CLOSED,Trinity Baptist Church Children's Wing / Nursery Area,620 Churchill Road,Fort Worth,76114,32.76809,-97.390364
CLOSED,River Oaks United Methodist Church Fellowship Hall,4800 Ohio Garden Road,River Oaks,76114,32.777088,-97.397611
CLOSED,Victory Church Front Lobby,5116 River Oaks Boulevard,River Oaks,76114,32.775489,-97.397392
CLOSED,Carter Park Elementary School Auditorium,1204 East Broadus Avenue,Fort Worth,76115,32.683502,-97.312899
CLOSED,El Buen Pastor Baptist Church North Building Children's Area,4800 Merida Avenue,Fort Worth,76115,32.677144,-97.355407
CLOSED,Hubbard Heights Elementary School Auditorium,1333 West Spurgeon Street,Fort Worth,76115,32.678847,-97.339424
CLOSED,Agape Baptist Church Faith Hall,3900 Southwest Boulevard,Fort Worth,76116,32.714056,-97.442068
CLOSED,Country Inn & Suites Meeting Room,2730 South Cherry Lane,Fort Worth,76116,32.735471,-97.451025
CLOSED,Courtyard by Marriott Conference Room (Lone Star Room),6530 West Freeway,Fort Worth,76116,32.735423,-97.430391
CLOSED,Harvest United Methodist Church Fellowship Hall,6036 Locke Avenue,Fort Worth,76116,32.732263,-97.414037
CLOSED,Moose Lodge 1889 Haltom City Conference Room,5001 Bernice Street,Haltom City,76117,32.78773,-97.278028
CLOSED,O. H. Stowe Elementary School Gym 115 B,4201 Rita Lane,Haltom City,76117,32.826382,-97.268856
CLOSED,First Baptist Hurst at the Trails Lobby / Gym,9208 Trammel Davis Road,Fort Worth,76118,32.793993,-97.17579
CLOSED,Baker Boulevard Church of Christ Activity Building,7139 Baker Boulevard,Richland Hills,76118,32.809258,-97.226753
CLOSED,Agape Metropolitan Community Church Foyer of Sanctuary / Social Hall,4615 East California Parkway,Forest Hill,76119,32.661877,-97.256291
CLOSED,A. M. Pate Elementary School Foyer,3800 Anglin Drive,Fort Worth,76119,32.707338,-97.252065
CLOSED,Beth Eden Missionary Baptist Church Gymnasium,3208 Wilbarger Street,Fort Worth,76119,32.700134,-97.279841
CLOSED,Harlean Beal Elementary School Gymnasium,5615 Forest Hill Drive,Fort Worth,76119,32.677719,-97.275394
CLOSED,Sunrise-McMillian Elementary School Gym,3409 Stalcup Road,Fort Worth,76119,32.712317,-97.237841
CLOSED,W. M. Green Elementary School Gym,4612 David Strickland Road,Fort Worth,76119,32.68156,-97.255365
CLOSED,Central Bible Church - The Connection Lobby,8200 Anderson Boulevard,Fort Worth,76120,32.761805,-97.17576
CLOSED,Grace Lutheran Church Fellowship Hall,7900 McCart Avenue,Fort Worth,76123,32.62788,-97.37007
CLOSED,Mary Harris Intermediate School Cafeteria,8400 West Cleburne Road,Fort Worth,76123,32.621257,-97.38462
CLOSED,Meadowcreek Elementary School Gymnasium,2801 Country Creek Lane,Fort Worth,76123,32.628513,-97.363381
CLOSED,City of Blue Mound City Hall Judges Chambers,301 South Blue Mound Road,Blue Mound,76131,32.864555,-97.342453
CLOSED,Destiny Center Main Auditorium,10200 FM 156,Fort Worth,76131,32.920841,-97.348739
CLOSED,Fort Worth Presbyterian Church Fellowship Hall Area,6251 Oakmont Trail,Fort Worth,76132,32.662741,-97.404602
CLOSED,Bruce Shulkey Elementary School Cafeteria,5533 Whitman Avenue,Fort Worth,76133,32.665267,-97.383609
CLOSED,Genesis United Methodist Church Commons Area,7635 South Hulen Street,Fort Worth,76133,32.633056,-97.389196
CLOSED,Agape Community Fellowship Church Fellowship Hall,1420 West Everman Parkway,Fort Worth,76134,32.628309,-97.340166
CLOSED,Edge Park United Methodist Church Fellowship Room,5616 Crowley Road,Fort Worth,76134,32.665397,-97.346511
CLOSED,New Hope Fellowship Fellowship Hall,6410 South Freeway,Fort Worth,76134,32.652226,-97.321839
CLOSED,First Baptist Church of Fort Worth Education Building/Gym Foyer,5001 Northeast Loop 820,Fort Worth,76137,32.839926,-97.291713
CLOSED,Hillwood Middle School Main Gym Hallway,8250 Parkwood Hill Boulevard,Fort Worth,76137,32.888851,-97.263723
CLOSED,Keller Collegiate Academy Small Gym,3901 Summerfields Boulevard,Fort Worth,76137,32.885908,-97.300811
CLOSED,Park Glen Elementary School Gym,5100 Glen Canyon Road,Fort Worth,76137,32.881554,-97.275556
CLOSED,Grace Church Sanctuary / Fireplace Room,4740 Western Center Boulevard,Haltom City,76137,32.86084,-97.282697
CLOSED,Jefferson Davis 9th Grade Center Lobby,615 Townley Drive,Everman,76140,32.620089,-97.288932
CLOSED,Northside Church of the Nazarene Gym,6750 Denton Highway,Watauga,76148,32.868693,-97.262889
CLOSED,Victory Tabernacle Holiness Fellowship Hall,5761 Watauga Road,Watauga,76148,32.860546,-97.257597
CLOSED,J. P. Elder Middle School Library,709 Northwest 21st Street,Fort Worth,76164,32.78278,-97.356743
CLOSED,M. G. Ellis Gym,215 Northeast 14th Street,Fort Worth,76164,32.780715,-97.346493
CLOSED,City Hall - Nan Stanford Administration Building Council Chambers,333 West McLeroy Boulevard,Saginaw,76179,32.858606,-97.369378
CLOSED,Eagle Mountain Fire Hall 1 Training Room,9500 Live Oak Lane,Saginaw,76179,32.897173,-97.458221
CLOSED,City Point United Methodist Church Reeves Hall (Fellowship Hall),7301 Glenview Drive,North Richland Hills,76180,32.823871,-97.221885
CLOSED,Crossmark Church The Commons,5408 Davis Boulevard,North Richland Hills,76180,32.845608,-97.214234
CLOSED,Fine Arts Athletic Complex 1st Floor Community Room,9200 Mid Cities Boulevard,North Richland Hills,76180,32.860648,-97.215383
CLOSED,The 26 Wellness Center - North Richland Hills Baptist Church Gymnasium / Basketball Court,6955 Boulevard 26,North Richland Hills,76180,32.81982,-97.233258
CLOSED,Former Bursey Road Senior Adult Center Main Room,7301 Bursey Road,North Richland Hills,76182,32.892404,-97.224633
CLOSED,North Park Baptist Church Sanctuary,7025 Mid Cities Boulevard,North Richland Hills,76182,32.860501,-97.232724
CLOSED,Shady Grove Baptist Church Fellowship Hall,6649 Precinct Line Road,North Richland Hills,76182,32.86712,-97.186163
CLOSED,Wellspring Church Family Life Center,7300 Smithfield Road,North Richland Hills,76182,32.880228,-97.211888
CLOSED,Golden Triangle Branch Library Meeting Room - A & B,4264 Golden Triangle Boulevard,Fort Worth,76244,32.931584,-97.289772
CLOSED,Independence Elementary School Foyer,11773 Bray Birch Lane,Fort Worth,76244,32.945675,-97.275878
CLOSED,Lone Star Elementary School Lobby / Foyer,4647 Shiver Road,Fort Worth,76244,32.902113,-97.285498
CLOSED,The Villages of Woodland Springs Amenity Center Amenity Center,12209 Timberland Boulevard,Fort Worth,76244,32.950806,-97.294795
CLOSED,Indian Springs Middle School Small Gymnasium,305 Bursey Road,Keller,76248,32.893882,-97.249173
ADDED_2026,ACTIV Redbud Room,2061 West Green Oaks Boulevard,Arlington,76013,32.711385,-97.189645
ADDED_2026,Tarrant County College Southeast Campus TBD,2100 Southeast Parkway,Arlington,76018,32.641113,-97.07513
ADDED_2026,Colleyville Recreation Center Annex A Annex A,5008 Roberts Road,Colleyville,76034,32.884882,-97.111107
ADDED_2026,Crowley Recreation Center Youth Room / Teen Zone,405 South Oak Street,Crowley,76036,32.576897,-97.366027
ADDED_2026,Bill R. Johnson CTE Center A117,4500 Longhorn Trail,Fort Worth,76036,32.575136,-97.393825
ADDED_2026,"Hurst Euless Bedford I.S.D. Auxiliary Services Training Room A, B, C & D",1350 West Euless Boulevard,Euless,76040,32.826934,-97.105108
ADDED_2026,Grapevine Middle School Teachers Lounge off the Cafeteria,301 Pony Parkway,Grapevine,76051,32.942941,-97.0844
ADDED_2026,Mariella of Grapevine Gathering Room,3735 Ira E Woods Avenue,Grapevine,76051,32.914388,-97.127218
ADDED_2026,Leo Adams Middle School Portable 5 & 6,1075 Eagle Boulevard,Haslet,76052,32.94236,-97.384448
ADDED_2026,Sendera Ranch Elementary School Gym,1216 Diamondback Lane,Haslet,76052,32.98164,-97.385559
ADDED_2026,Dover Fellowship Hall Dover Hall,208 Municipal Drive,Kennedale,76060,32.645605,-97.224759
ADDED_2026,"Donna Shepard Leadership Academy Gym A, Entry #13",1280 FM Road 1187,Mansfield,76063,32.590697,-97.162309
ADDED_2026,Countryside Bible Church Middle School Main Room,251 Countryside Court,Southlake,76092,32.959219,-97.152796
ADDED_2026,The Carlyle at Stonebridge Park TBD,170 Stonebridge Lane,Southlake,76092,32.937354,-97.188182
ADDED_2026,Hazel Harvey Peace Center for Neighborhoods Front Conference Room,818 Missouri Avenue,Fort Worth,76104,32.736411,-97.319081
ADDED_2026,House of Prayer & Praise Church Fellowship Hall,5025 Avenue G,Fort Worth,76105,32.730224,-97.247421
ADDED_2026,Sycamore Recreation Center Multipurpose Room,2525 East Rosedale Street,Fort Worth,76105,32.730826,-97.290395
ADDED_2026,Thomas Place Community Center Dance Room,4237 Lafayette Avenue,Fort Worth,76107,32.74133,-97.380337
ADDED_2026,The Pentecostals of Fort Worth Children's Ministry Area,10264 Westpoint Boulevard,Fort Worth,76108,32.748335,-97.50232
ADDED_2026,Southwest Regional Library Meeting Room,4001 Library Lane,Fort Worth,76109,32.68973,-97.393948
ADDED_2026,Eastside YMCA Multipurpose Room,1500 Sandy Lane,Fort Worth,76112,32.757392,-97.198587
ADDED_2026,Park Meadows Apartments Dining Room,2716 Yeager Street,Fort Worth,76112,32.741114,-97.233385
ADDED_2026,River Oaks Community Center Backroom,5300 Blackstone Drive,River Oaks,76114,32.764383,-97.398391
ADDED_2026,City of Sansom Park City Hall Municipal Court Council Chambers,5705 Azle Avenue,Sansom Park,76114,32.811587,-97.406017
ADDED_2026,The Westmore Independent Living TBD,25 Leonard Trail,Westworth Village,76114,32.757049,-97.422354
ADDED_2026,Celeste's TBD,1001 Oak Grove Road,Fort Worth,76115,32.673038,-97.31512
ADDED_2026,Birchman Baptist Church Room B202,"2700 Dale Lane, Building B",Fort Worth,76116,32.736636,-97.476014
ADDED_2026,Ridglea Baptist Church Room 100,6037 Calmont Avenue,Fort Worth,76116,32.734001,-97.414589
ADDED_2026,River Trails Elementary School Gym,8850 Elbe Trail,Fort Worth,76118,32.798503,-97.188006
ADDED_2026,Lowery Road Elementary School Gym,7600 Lowery Road,Fort Worth,76120,32.772114,-97.188692
ADDED_2026,Vivian J. Lincoln Branch Library Meeting Room - A & B,8829 McCart Avenue,Fort Worth,76123,32.614305,-97.371502
ADDED_2026,TCU Brown Lupton University Union Brachman Auditorium,2901 Stadium Drive,Fort Worth,76129,32.709671,-97.365152
ADDED_2026,L. A. Gilliland Elementary School Library,701 Waggoman Road,Blue Mound,76131,32.856087,-97.338961
ADDED_2026,Betsy Price Community Center Multi-Purpose B,8375 Blue Mound Road,Fort Worth,76131,32.890529,-97.346353
ADDED_2026,Highland Middle School Boys Gym Hallway,1001 East Bailey Boswell Road,Fort Worth,76131,32.882507,-97.346586
ADDED_2026,Northbrook Elementary School Gym,2500 Cantrell Sansom Road,Fort Worth,76131,32.847875,-97.326528
ADDED_2026,Sunset Valley Elementary School Foyer / Lobby,2032 Canchim Street,Fort Worth,76131,32.877932,-97.331112
ADDED_2026,South Hills Elementary School Library,3009 Bilglade Road,Fort Worth,76133,32.677147,-97.360901
ADDED_2026,Legacy Baptist Church Gym,5500 Boat Club Road,Fort Worth,76135,32.833057,-97.425149
ADDED_2026,Alliance Methodist Church Family Life Center,7904 Park Vista Boulevard,Fort Worth,76137,32.882414,-97.272509
ADDED_2026,Jerilyn K. Pfeifer Administration Building Lobby,"1520 Everman Parkway, Suite B",Everman,76140,32.627258,-97.303472
ADDED_2026,Berea Baptist Church Fellowship Hall,6901 Forest Hill Drive,Forest Hill,76140,32.65533,-97.269832
ADDED_2026,O. A. Peterson Elementary School Gym,2000 Winter Hawk Drive,Fort Worth,76177,32.927494,-97.329511
ADDED_2026,Vista Ridge Middle School Cafeteria,3201 Thompson Road,Fort Worth,76177,32.890819,-97.307419
ADDED_2026,Dido United Methodist Church Fellowship Hall,5570 Dido Hicks Road,Fort Worth,76179,32.951563,-97.483113
ADDED_2026,Lake Country Church Main Lobby,8777 Boat Club Road,Fort Worth,76179,32.883341,-97.425886
ADDED_2026,"Tarrant County College Northwest Campus Fire Services Training Center, Building NW11, Room 1403A",4801 Marine Creek Parkway,Fort Worth,76179,32.829938,-97.385824
ADDED_2026,Saginaw Public Library Longhorn Room,300 West McLeroy Boulevard,Saginaw,76179,32.859032,-97.368256
ADDED_2026,"North Richland Hills City Hall 1st Floor, Community Room",4301 City Point Drive,North Richland Hills,76180,32.82772,-97.21721
ADDED_2026,Richland High School Omni Room,5201 Holiday Lane,North Richland Hills,76180,32.841888,-97.227935
ADDED_2026,Foster Village Elementary School Small Gym,6800 Springdale Lane,North Richland Hills,76182,32.876487,-97.232944
ADDED_2026,Caprock Elementary School Gym,12301 Grey Twig Drive,Fort Worth,76244,32.951521,-97.291361
ADDED_2026,Eagle Ridge Elementary School Gym (610),4600 Alta Vista Road,Fort Worth,76244,32.921551,-97.284937
ADDED_2026,Friendship Elementary School Cafeteria,5400 Shiver Road,Fort Worth,76244,32.901869,-97.268804
ADDED_2026,The Met Church All Purpose Room,11301 North Riverside Drive,Fort Worth,76244,32.937413,-97.308258
ADDED_2026,Town of Westlake Fire-EMS Department Training Room,2000 Dove Road,Westlake,76262,32.97823,-97.185539
